[
{
    "pk": 1, 
    "model": "monitor_and_learn.monitorandlearningquizid", 
    "fields": {
        "active": true, 
        "completed": true
    }
},
{
    "pk": 2, 
    "model": "monitor_and_learn.monitorandlearningquizid", 
    "fields": {
        "active": false, 
        "completed": true
    }
},
{
    "pk": 3, 
    "model": "monitor_and_learn.monitorandlearningquizid", 
    "fields": {
        "active": true, 
        "completed": true
    }
},
{
    "pk": 1, 
    "model": "monitor_and_learn.monitorandlearningquizquestion", 
    "fields": {
        "quiz_id": 1, 
        "question": "Q1A"
    }
},
{
    "pk": 2, 
    "model": "monitor_and_learn.monitorandlearningquizquestion", 
    "fields": {
        "quiz_id": 1, 
        "question": "Q1B"
    }
},
{
    "pk": 3, 
    "model": "monitor_and_learn.monitorandlearningquizquestion", 
    "fields": {
        "quiz_id": 1, 
        "question": "Q1C"
    }
},
{
    "pk": 4, 
    "model": "monitor_and_learn.monitorandlearningquizquestion", 
    "fields": {
        "quiz_id": 1, 
        "question": "Q1D"
    }
},
{
    "pk": 5, 
    "model": "monitor_and_learn.monitorandlearningquizquestion", 
    "fields": {
        "quiz_id": 2, 
        "question": "Q2A"
    }
},
{
    "pk": 6, 
    "model": "monitor_and_learn.monitorandlearningquizquestion", 
    "fields": {
        "quiz_id": 2, 
        "question": "Q2B"
    }
},
{
    "pk": 7, 
    "model": "monitor_and_learn.monitorandlearningquizquestion", 
    "fields": {
        "quiz_id": 2, 
        "question": "Q2C"
    }
},
{
    "pk": 8, 
    "model": "monitor_and_learn.monitorandlearningquizquestion", 
    "fields": {
        "quiz_id": 2, 
        "question": "Q2D"
    }
},
{
    "pk": 9, 
    "model": "monitor_and_learn.monitorandlearningquizquestion", 
    "fields": {
        "quiz_id": 3, 
        "question": "Q3A"
    }
},
{
    "pk": 10, 
    "model": "monitor_and_learn.monitorandlearningquizquestion", 
    "fields": {
        "quiz_id": 3, 
        "question": "Q3B"
    }
},
{
    "pk": 11, 
    "model": "monitor_and_learn.monitorandlearningquizquestion", 
    "fields": {
        "quiz_id": 3, 
        "question": "Q3C"
    }
},
{
    "pk": 12, 
    "model": "monitor_and_learn.monitorandlearningquizquestion", 
    "fields": {
        "quiz_id": 3, 
        "question": "Q3D"
    }
},
{
    "pk": 1, 
    "model": "monitor_and_learn.monitorandlearningquizanswer", 
    "fields": {
        "answer": "A1Aa", 
        "question_id": 1
    }
},
{
    "pk": 2, 
    "model": "monitor_and_learn.monitorandlearningquizanswer", 
    "fields": {
        "answer": "A1Ab", 
        "question_id": 1
    }
},
{
    "pk": 3, 
    "model": "monitor_and_learn.monitorandlearningquizanswer", 
    "fields": {
        "answer": "A1Ac", 
        "question_id": 1
    }
},
{
    "pk": 4, 
    "model": "monitor_and_learn.monitorandlearningquizanswer", 
    "fields": {
        "answer": "A1Ba", 
        "question_id": 2
    }
},
{
    "pk": 5, 
    "model": "monitor_and_learn.monitorandlearningquizanswer", 
    "fields": {
        "answer": "A1Bb", 
        "question_id": 2
    }
},
{
    "pk": 6, 
    "model": "monitor_and_learn.monitorandlearningquizanswer", 
    "fields": {
        "answer": "A1Bc", 
        "question_id": 2
    }
},
{
    "pk": 7, 
    "model": "monitor_and_learn.monitorandlearningquizanswer", 
    "fields": {
        "answer": "A1Ca", 
        "question_id": 3
    }
},
{
    "pk": 8, 
    "model": "monitor_and_learn.monitorandlearningquizanswer", 
    "fields": {
        "answer": "A1Cb", 
        "question_id": 3
    }
},
{
    "pk": 9, 
    "model": "monitor_and_learn.monitorandlearningquizanswer", 
    "fields": {
        "answer": "A1Cc", 
        "question_id": 3
    }
},
{
    "pk": 10, 
    "model": "monitor_and_learn.monitorandlearningquizanswer", 
    "fields": {
        "answer": "A1Da", 
        "question_id": 4
    }
},
{
    "pk": 11, 
    "model": "monitor_and_learn.monitorandlearningquizanswer", 
    "fields": {
        "answer": "A1Db", 
        "question_id": 4
    }
},
{
    "pk": 12, 
    "model": "monitor_and_learn.monitorandlearningquizanswer", 
    "fields": {
        "answer": "A1Dc", 
        "question_id": 4
    }
},
{
    "pk": 13, 
    "model": "monitor_and_learn.monitorandlearningquizanswer", 
    "fields": {
        "answer": "A2A1", 
        "question_id": 5
    }
},
{
    "pk": 14, 
    "model": "monitor_and_learn.monitorandlearningquizanswer", 
    "fields": {
        "answer": "A2A2", 
        "question_id": 5
    }
},
{
    "pk": 15, 
    "model": "monitor_and_learn.monitorandlearningquizanswer", 
    "fields": {
        "answer": "A2A3", 
        "question_id": 5
    }
},
{
    "pk": 16, 
    "model": "monitor_and_learn.monitorandlearningquizanswer", 
    "fields": {
        "answer": "A2BA", 
        "question_id": 6
    }
},
{
    "pk": 17, 
    "model": "monitor_and_learn.monitorandlearningquizanswer", 
    "fields": {
        "answer": "A2BB", 
        "question_id": 6
    }
},
{
    "pk": 18, 
    "model": "monitor_and_learn.monitorandlearningquizanswer", 
    "fields": {
        "answer": "A2BC", 
        "question_id": 6
    }
},
{
    "pk": 19, 
    "model": "monitor_and_learn.monitorandlearningquizanswer", 
    "fields": {
        "answer": "A2C1", 
        "question_id": 7
    }
},
{
    "pk": 20, 
    "model": "monitor_and_learn.monitorandlearningquizanswer", 
    "fields": {
        "answer": "A2C2", 
        "question_id": 7
    }
},
{
    "pk": 21, 
    "model": "monitor_and_learn.monitorandlearningquizanswer", 
    "fields": {
        "answer": "A2C3", 
        "question_id": 7
    }
},
{
    "pk": 22, 
    "model": "monitor_and_learn.monitorandlearningquizanswer", 
    "fields": {
        "answer": "A2D1", 
        "question_id": 8
    }
},
{
    "pk": 23, 
    "model": "monitor_and_learn.monitorandlearningquizanswer", 
    "fields": {
        "answer": "A2D2", 
        "question_id": 8
    }
},
{
    "pk": 24, 
    "model": "monitor_and_learn.monitorandlearningquizanswer", 
    "fields": {
        "answer": "A2D3", 
        "question_id": 8
    }
},
{
    "pk": 25, 
    "model": "monitor_and_learn.monitorandlearningquizanswer", 
    "fields": {
        "answer": "A3A1", 
        "question_id": 9
    }
},
{
    "pk": 26, 
    "model": "monitor_and_learn.monitorandlearningquizanswer", 
    "fields": {
        "answer": "A3A2", 
        "question_id": 9
    }
},
{
    "pk": 27, 
    "model": "monitor_and_learn.monitorandlearningquizanswer", 
    "fields": {
        "answer": "A3A3", 
        "question_id": 9
    }
},
{
    "pk": 28, 
    "model": "monitor_and_learn.monitorandlearningquizanswer", 
    "fields": {
        "answer": "A3B1", 
        "question_id": 10
    }
},
{
    "pk": 29, 
    "model": "monitor_and_learn.monitorandlearningquizanswer", 
    "fields": {
        "answer": "A3B2", 
        "question_id": 10
    }
},
{
    "pk": 30, 
    "model": "monitor_and_learn.monitorandlearningquizanswer", 
    "fields": {
        "answer": "A3B3", 
        "question_id": 10
    }
},
{
    "pk": 31, 
    "model": "monitor_and_learn.monitorandlearningquizanswer", 
    "fields": {
        "answer": "Q3C1", 
        "question_id": 11
    }
},
{
    "pk": 32, 
    "model": "monitor_and_learn.monitorandlearningquizanswer", 
    "fields": {
        "answer": "Q3C2", 
        "question_id": 11
    }
},
{
    "pk": 33, 
    "model": "monitor_and_learn.monitorandlearningquizanswer", 
    "fields": {
        "answer": "Q3C3", 
        "question_id": 11
    }
},
{
    "pk": 34, 
    "model": "monitor_and_learn.monitorandlearningquizanswer", 
    "fields": {
        "answer": "Q3D1", 
        "question_id": 12
    }
},
{
    "pk": 35, 
    "model": "monitor_and_learn.monitorandlearningquizanswer", 
    "fields": {
        "answer": "Q3D2", 
        "question_id": 12
    }
},
{
    "pk": 36, 
    "model": "monitor_and_learn.monitorandlearningquizanswer", 
    "fields": {
        "answer": "Q3D3", 
        "question_id": 12
    }
}
]
